mode,metric,n,min_ms,p50_ms,p90_ms,p95_ms,max_ms,mean_ms,stdev_ms
cold,sandbox_created,10,16.9,26.5,51.8,58.0,64.2,33.5,17.2
cold,direct_http,10,9092.4,9977.7,10217.5,10257.4,10297.3,9788.9,469.7
cold,service_http,10,18928.5,20055.7,20065.7,20071.3,20076.9,19760.5,492.8
cold,available,10,17998.2,18864.6,18989.6,19139.3,19288.9,18690.5,439.5
cold,pod_ready,10,18836.2,19724.9,19831.7,19874.9,19918.0,19512.3,431.2
cold,endpointslice_ready,10,18849.8,19736.5,19845.8,19884.6,19923.4,19523.2,430.7
cold,sandbox_workload_ready,10,17944.4,18805.5,18963.5,19105.8,19248.2,18648.2,439.2
cold,direct_to_available,10,8710.3,8928.3,8992.2,8994.9,8997.5,8901.6,99.8
cold,available_to_pod_ready,10,629.1,849.3,874.0,879.6,885.2,821.8,75.5
cold,pod_ready_to_endpointslice,10,5.4,11.7,14.8,15.0,15.1,10.9,3.6
cold,endpointslice_to_service_http,10,78.7,258.4,354.5,354.7,355.0,237.3,103.0
warm,sandbox_created,10,17.4,27.6,41.2,52.9,64.7,30.8,13.9
warm,direct_http,10,1864.4,2787.2,3132.7,3295.5,3458.3,2692.8,482.4
warm,service_http,10,11478.7,12413.7,12713.1,13041.1,13369.2,12325.2,551.8
warm,available,10,10240.4,11404.3,11692.8,11899.9,12107.0,11252.6,552.4
warm,pod_ready,10,11156.8,12295.5,12631.8,12843.4,13055.1,12145.7,566.6
warm,endpointslice_ready,10,11165.7,12308.7,12646.5,12858.8,13071.2,12157.9,568.3
warm,slot_claim,10,19.3,24.6,35.7,37.0,38.2,26.6,6.8
warm,sandbox_workload_ready,10,10195.8,11374.6,11657.2,11859.6,12062.1,11214.7,554.6
warm,direct_to_available,10,8376.0,8599.6,8675.1,8675.8,8676.6,8559.9,113.7
warm,available_to_pod_ready,10,843.0,888.1,939.0,943.6,948.1,893.1,38.9
warm,pod_ready_to_endpointslice,10,4.8,12.0,16.2,16.6,17.0,12.2,3.6
warm,endpointslice_to_service_http,10,34.7,155.5,299.5,306.3,313.0,167.4,94.4
